{
  "ExCeL London": [
    51.5081127,
    0.0297071
  ],
  "Queen's University Belfast": [
    54.5842881,
    -5.9336562
  ],
  "Wellcome Sanger Institute": [
    52.0794238,
    0.1849843
  ],
  "Wellcome Sanger": [
    52.0785012,
    0.1849444
  ],
  "London": [
    51.5074456,
    -0.1277653
  ],
  "Belfast": [
    54.5975805,
    -5.9277097
  ]
}