{
  "ExCeL London": [
    51.5081127,
    0.0297071
  ],
  "Queen's University Belfast": [
    54.5842881,
    -5.9336562
  ],
  "Wellcome Sanger Institute": [
    52.0794238,
    0.1849843
  ],
  "Wellcome Sanger": [
    52.0785012,
    0.1849444
  ],
  "London": [
    51.5074456,
    -0.1277653
  ],
  "Belfast": [
    54.5975805,
    -5.9277097
  ],
  "University of York": [
    53.9453903,
    -1.0314593
  ],
  "University of Manchester": [
    53.4660226,
    -2.2330858
  ],
  "University of Nottingham": [
    52.9397,
    -1.1852
  ],
  "King's College London, United Kingdom": [
    51.5030855,
    -0.0900021
  ],
  "University of Durham, United Kingdom": [
    54.7887211,
    -1.5931807
  ],
  "Australian Research Data Commons, Melbourne, Australia": [
    -37.801103,
    144.9632629
  ],
  "University of Portsmouth": [
    50.795245,
    -1.0935529
  ],
  "University of Sheffield": [
    53.3729622,
    -1.5059315
  ],
  "Westminster, London, United Kingdom": [
    51.4994,
    -0.1248
  ],
  "Croydon, London, United Kingdom": [
    51.3762,
    -0.0982
  ],
  "MRC Harwell, Oxfordshire, United Kingdom": [
    51.5762,
    -1.3065
  ],
  "University of Oxford, United Kingdom": [
    51.7548,
    -1.2544
  ],
  "Chinese Academy of Sciences, Beijing, China": [
    39.9826,
    116.3699
  ],
  "": [
    54.7023545,
    -3.2765753
  ],
  "UCL": [
    51.5242031,
    -0.1330007
  ],
  "University of Exeter": [
    50.1701604,
    -5.1241802
  ],
  "University of Greenwich": [
    51.4825423,
    -0.0066531
  ],
  "Jisc": [
    51.4547,
    -2.5985
  ],
  "TSL": [
    52.622067,
    1.2231472
  ],
  "AstraZeneca": [
    52.1904423,
    0.1343133
  ],
  "DHSC": [
    51.4979606,
    -0.1330758
  ],
  "University of East Anglia": [
    52.6210623,
    1.2356187
  ],
  "University of Warwick": [
    52.3813073,
    -1.5639569
  ],
  "Cambridge University Hospitals": [
    52.1736913,
    0.1379141
  ],
  "STFC Hartree centre": [
    53.3459,
    -2.6385
  ],
  "Cambridge University Health Partners": [
    52.189,
    0.1213
  ],
  "Earlham Institute": [
    52.6217619,
    1.2190376
  ],
  "Galaxy Australia": [
    -24.8678847,
    152.3411864
  ],
  "University of Mamchester": [
    53.466,
    -2.2331
  ],
  "University of Leeds": [
    53.8057925,
    -1.555111
  ],
  "University of Birmingham": [
    52.4508,
    -1.9301
  ],
  "University of Cambridge": [
    52.1890916,
    0.1212977
  ],
  "New Zealand eScience Infrastructure": [
    -41.2865,
    174.7762
  ],
  "ReSA": [
    45.6759953,
    15.4193906
  ],
  "Forschungszentrum J\u00c3\u00bclich GmbH": null,
  "Digital Research Alliance of Canada": [
    61.0666922,
    -107.991707
  ],
  "EI": [
    52.6217619,
    1.2190376
  ],
  "University College London (UCL)": [
    51.5242031,
    -0.1330007
  ],
  "University of Dundee": [
    56.4579676,
    -2.9821483
  ],
  "Opalescent": [
    44.0199237,
    -74.0471591
  ],
  "ukri": [
    51.5669764,
    -1.7841586
  ],
  "Australian Research Data Commons": [
    -37.801103,
    144.9632629
  ],
  "University of Bristol": [
    51.4905582,
    -2.6304825
  ],
  "STFC": [
    51.5762,
    -1.3065
  ],
  "University of Bradford": [
    53.7916522,
    -1.7661184
  ],
  "University of Edinburgh": [
    55.9440765,
    -3.1883736
  ],
  "London School of Hygiene & Tropical Medicine": [
    51.5206,
    -0.1316
  ],
  "OLS": [
    54.7933719,
    -6.397759
  ],
  "University of Leicester": [
    52.6175241,
    -1.1377672
  ],
  "EMBL-EBI": [
    52.0779087,
    0.1871187
  ],
  "Quantum": [
    53.4792654,
    -2.2246564
  ],
  "TitanDx": [
    54.7023545,
    -3.2765753
  ],
  "Research Space": [
    37.2093895,
    -80.4183098
  ],
  "Cardiff University": [
    51.4887426,
    -3.1795999
  ],
  "Curlew Research": [
    54.7023545,
    -3.2765753
  ],
  "Esox Biologics": [
    54.7023545,
    -3.2765753
  ],
  "MHRA": [
    51.4926968,
    -0.1471403
  ],
  "UKRI": [
    51.5669764,
    -1.7841586
  ],
  "BBSRC": [
    51.5583,
    -1.7836
  ],
  "NBI Partnership": [
    52.6218,
    1.219
  ],
  "NERC": [
    53.382071,
    -1.4882516
  ],
  "John Innes Centre": [
    52.6218,
    1.219
  ],
  "University Of Cambridge": [
    52.1890916,
    0.1212977
  ],
  "UEA": [
    52.621157,
    1.2410137
  ],
  "Quadram Institute Bioscience": [
    52.620889,
    1.2187441
  ],
  "NBIP": [
    52.6218,
    1.219
  ],
  "EI/Elixir-UK": [
    52.6218,
    1.219
  ],
  "AWS": [
    51.8702637,
    0.1499501
  ],
  "University of Liverpool": [
    53.4072429,
    -2.9658337
  ],
  "University of Oxford": [
    51.7548,
    -1.2544
  ],
  "Bristol University": [
    51.4905582,
    -2.6304825
  ],
  "Health-RI": [
    51.5714349,
    -0.1250644
  ],
  "The Institute of Cancer Research, London": [
    51.4795,
    -0.1862
  ],
  "Exeter University Sequencing Facility": [
    50.7184,
    -3.5339
  ],
  "uni of exeter": [
    50.1701604,
    -5.1241802
  ],
  "University Of Exeter": [
    50.1701604,
    -5.1241802
  ],
  "Milner Institute": [
    53.3537056,
    -2.6352322
  ],
  "Exeter University": [
    50.1701604,
    -5.1241802
  ],
  "UKRI - Medical Research Council": [
    51.567,
    -1.7842
  ],
  "King's College London - Dean for Research Infrastructure - conversation about how we can collaborate at an institute level": [
    51.5031,
    -0.09
  ],
  "Copperfern Consulting": [
    54.7023545,
    -3.2765753
  ],
  "UK Dementia Research Institute": [
    51.5236,
    -0.1365
  ],
  "University of Regensburg, Germany": [
    49.0030835,
    12.0962683
  ],
  "FIMM": [
    60.1641,
    24.952
  ],
  "MBZUAI": [
    24.0002488,
    53.9994829
  ],
  "ASBCB": [
    54.7023545,
    -3.2765753
  ],
  "Warsaw University of Technology": [
    52.2216394,
    21.007377
  ],
  "University of Salerno": [
    40.675,
    14.7681
  ],
  "Iitb": [
    19.1326186,
    72.9149702
  ],
  "IIT M": [
    12.9941561,
    80.2366826
  ],
  "IIT madras": [
    12.9914769,
    80.2336786
  ],
  "DKFZ": [
    49.4147316,
    8.6732292
  ],
  "Imdea": [
    40.3397971,
    -3.8810025
  ],
  "Unsw": [
    -33.9062434,
    151.2346568
  ],
  "UNSW": [
    -33.9175994,
    151.2312369
  ],
  "Southampton": [
    50.9025349,
    -1.404189
  ],
  "University of Delhi": [
    28.6881517,
    77.2148081
  ],
  "University of Padova": [
    45.4066496,
    11.8774407
  ],
  "Parse Biosciences": [
    54.7023545,
    -3.2765753
  ],
  "Hochschule Campus Wien": [
    48.1585403,
    16.3809471
  ],
  "Genomics of gene expression lab": [
    54.7023545,
    -3.2765753
  ],
  "Xjtu": [
    34.2584,
    108.9524
  ],
  "Mpi": [
    51.8977671,
    -2.0987632
  ],
  "University of Bergen": [
    60.3809342,
    5.3313021
  ],
  "Thsti": [
    28.4216,
    77.043
  ],
  "Astra Zeneca": [
    51.8663423,
    -0.4064848
  ],
  "Area science park": [
    45.6572777,
    13.8289844
  ],
  "Eth": [
    47.3769,
    8.548
  ],
  "NIH": [
    39.0000143,
    -77.1040039
  ],
  "CERI, Stellenbosch University": [
    -33.9326,
    18.8644
  ],
  "INCA": [
    51.4657925,
    -0.1139753
  ],
  "Ufscar": [
    -21.9834422,
    -47.8806644
  ],
  "IBM": [
    55.9293834,
    -4.8272699
  ],
  "Almac": [
    54.4449,
    -6.3607
  ],
  "Queens University Belfast": [
    54.5839495,
    -5.9328105
  ],
  "Statens Serum Institute": [
    55.6802,
    12.531
  ],
  "Qmul": [
    51.5247403,
    -0.0393136
  ],
  "University clinics T\u00c3\u00bcbingen": [
    48.521,
    9.0557
  ],
  "Technical University of Munich": [
    48.2654976,
    11.6692249
  ],
  "Curevac": [
    48.5400294,
    9.0560158
  ],
  "The Hebrew university of jerusalem": [
    31.7784,
    35.2358
  ],
  "Saarland University": [
    49.2542421,
    7.0415117
  ],
  "Ebi": [
    51.499399,
    -0.127391
  ],
  "Hpi": [
    51.0670966,
    -1.7939616
  ],
  "The Alan Turing Institute": [
    51.5302275,
    -0.1270026
  ],
  "UoL": [
    53.4052245,
    -2.9664117
  ],
  "rwth aachen": [
    50.7791732,
    6.0689207
  ],